"ID","Purchase"
"ID0001",1
"ID0003",1
"ID0007",1
"ID0008",1
"ID0013",1
"ID0014",1
"ID0016",1
"ID0017",1
"ID0018",1
"ID0023",1
"ID0025",1
"ID0026",1
"ID0027",1
"ID0028",1
"ID0029",1
"ID0030",1
"ID0031",1
"ID0034",1
"ID0036",1
"ID0037",1
"ID0038",1
"ID0042",1
"ID0044",1
"ID0045",1
"ID0047",1
"ID0049",1
"ID0050",1
"ID0054",1
"ID0055",1
"ID0056",1
"ID0057",1
"ID0058",1
"ID0060",1
"ID0061",1
"ID0062",1
"ID0063",1
"ID0064",1
"ID0068",1
"ID0069",1
"ID0070",1
"ID0072",1
"ID0073",1
"ID0077",1
"ID0078",1
"ID0079",1
"ID0080",1
"ID0081",1
"ID0084",1
"ID0085",1
"ID0086",1
"ID0087",1
"ID0088",1
"ID0090",1
"ID0092",1
"ID0095",1
"ID0096",1
"ID0101",1
"ID0102",1
"ID0103",1
"ID0104",1
"ID0105",1
"ID0106",1
"ID0107",1
"ID0108",1
"ID0111",1
"ID0114",1
"ID0117",1
"ID0123",1
"ID0124",1
"ID0129",1
"ID0133",1
"ID0136",1
"ID0138",1
"ID0139",1
"ID0140",1
"ID0142",1
"ID0144",1
"ID0145",1
"ID0152",1
"ID0154",1
"ID0156",1
"ID0159",1
"ID0160",1
"ID0165",1
"ID0168",1
"ID0169",1
"ID0170",1
"ID0172",1
"ID0173",1
"ID0175",1
"ID0180",1
"ID0182",1
"ID0185",1
"ID0192",1
"ID0194",1
"ID0198",1
"ID0199",1
"ID0200",1
"ID0203",1
"ID0205",1
"ID0206",1
"ID0208",1
"ID0209",1
"ID0210",1
"ID0211",1
"ID0212",1
"ID0214",1
"ID0216",1
"ID0217",1
"ID0218",1
"ID0219",1
"ID0220",1
"ID0221",1
"ID0224",1
"ID0227",1
"ID0229",1
"ID0233",1
"ID0234",1
"ID0237",1
"ID0240",1
"ID0241",1
"ID0243",1
"ID0246",1
"ID0247",1
"ID0248",1
"ID0251",1
"ID0253",1
"ID0256",1
"ID0258",1
"ID0261",1
"ID0262",1
"ID0264",1
"ID0266",1
"ID0270",1
"ID0272",1
"ID0274",1
"ID0277",1
"ID0280",1
"ID0283",1
"ID0287",1
"ID0290",1
"ID0291",1
"ID0292",1
"ID0293",1
"ID0294",1
"ID0295",1
"ID0297",1
"ID0301",1
"ID0302",1
"ID0304",1
"ID0307",1
"ID0309",1
"ID0310",1
"ID0313",1
"ID0314",1
"ID0316",1
"ID0317",1
"ID0320",1
"ID0328",1
"ID0334",1
"ID0335",1
"ID0338",1
"ID0340",1
"ID0341",1
"ID0343",1
"ID0344",1
"ID0345",1
"ID0347",1
"ID0348",1
"ID0352",1
"ID0355",1
"ID0356",1
"ID0357",1
"ID0358",1
"ID0360",1
"ID0361",1
"ID0365",1
"ID0366",1
"ID0367",1
"ID0368",1
"ID0369",1
"ID0371",1
"ID0375",1
"ID0377",1
"ID0378",1
"ID0379",1
"ID0384",1
"ID0386",1
"ID0388",1
"ID0392",1
"ID0393",1
"ID0399",1
"ID0401",1
"ID0403",1
"ID0404",1
"ID0412",1
"ID0413",1
"ID0414",1
"ID0416",1
"ID0417",1
"ID0419",1
"ID0420",1
"ID0423",1
"ID0426",1
"ID0427",1
"ID0428",1
"ID0430",1
"ID0432",1
"ID0438",1
"ID0439",1
"ID0441",1
"ID0442",1
"ID0443",1
"ID0444",1
"ID0446",1
"ID0448",1
"ID0449",1
"ID0451",1
"ID0452",1
"ID0453",1
"ID0455",1
"ID0456",1
"ID0459",1
"ID0461",1
"ID0462",1
"ID0463",1
"ID0464",1
"ID0465",1
"ID0466",1
"ID0469",1
"ID0471",1
"ID0472",1
"ID0478",1
"ID0481",1
"ID0482",1
"ID0483",1
"ID0484",1
"ID0485",1
"ID0490",1
"ID0492",1
"ID0493",1
"ID0494",1
"ID0495",1
"ID0500",1
"ID0501",1
"ID0503",1
"ID0504",1
"ID0506",1
"ID0507",1
"ID0508",1
"ID0509",1
"ID0510",1
"ID0513",1
"ID0514",1
"ID0515",1
"ID0516",1
"ID0520",1
"ID0522",1
"ID0523",1
"ID0525",1
"ID0527",1
"ID0529",1
"ID0530",1
"ID0532",1
"ID0540",1
"ID0541",1
"ID0545",1
"ID0548",1
"ID0549",1
"ID0550",1
"ID0554",1
"ID0555",1
"ID0558",1
"ID0559",1
"ID0560",1
"ID0561",1
"ID0565",1
"ID0566",1
"ID0568",1
"ID0572",1
"ID0577",1
"ID0578",1
"ID0579",1
"ID0581",1
"ID0585",1
"ID0587",1
"ID0588",1
"ID0591",1
"ID0595",1
"ID0596",1
"ID0598",1
"ID0599",1
"ID0603",1
"ID0605",1
"ID0606",1
"ID0607",1
"ID0608",1
"ID0609",1
"ID0610",1
"ID0611",1
"ID0612",1
"ID0613",1
"ID0614",1
"ID0615",1
"ID0616",1
"ID0621",1
"ID0628",1
"ID0629",1
"ID0632",1
"ID0635",1
"ID0638",1
"ID0639",1
"ID0642",1
"ID0646",1
"ID0648",1
"ID0650",1
"ID0652",1
"ID0653",1
"ID0657",1
"ID0658",1
"ID0659",1
"ID0660",1
"ID0661",1
"ID0662",1
"ID0664",1
"ID0665",1
"ID0667",1
"ID0668",1
"ID0669",1
"ID0671",1
"ID0674",1
"ID0676",1
"ID0678",1
"ID0679",1
"ID0681",1
"ID0682",1
"ID0683",1
"ID0685",1
"ID0686",1
"ID0689",1
"ID0690",1
"ID0692",1
"ID0693",1
"ID0694",1
"ID0696",1
"ID0697",1
"ID0698",1
"ID0703",1
"ID0707",1
"ID0709",1
"ID0710",1
"ID0712",1
"ID0714",1
"ID0716",1
"ID0717",1
"ID0719",1
"ID0721",1
"ID0725",1
"ID0728",1
"ID0729",1
"ID0731",1
"ID0737",1
"ID0744",1
"ID0746",1
"ID0748",1
"ID0750",1
"ID0751",1
"ID0766",1
"ID0768",1
"ID0772",1
"ID0773",1
"ID0774",1
"ID0775",1
"ID0776",1
"ID0783",1
"ID0787",1
"ID0788",1
"ID0789",1
"ID0791",1
"ID0794",1
"ID0795",1
"ID0798",1
"ID0802",1
"ID0804",1
"ID0805",1
"ID0806",1
"ID0807",1
"ID0810",1
"ID0817",1
"ID0818",1
"ID0820",1
"ID0821",1
"ID0822",1
"ID0827",1
"ID0828",1
"ID0829",1
"ID0830",1
"ID0831",1
"ID0833",1
"ID0835",1
"ID0839",1
"ID0842",1
"ID0844",1
"ID0845",1
"ID0846",1
"ID0847",1
"ID0850",1
"ID0852",1
"ID0856",1
"ID0858",1
"ID0859",1
"ID0860",1
"ID0862",1
"ID0863",1
"ID0867",1
"ID0869",1
"ID0870",1
"ID0871",1
"ID0872",1
"ID0873",1
"ID0875",1
"ID0876",1
"ID0877",1
"ID0879",1
"ID0880",1
"ID0881",1
"ID0885",1
"ID0888",1
"ID0890",1
"ID0891",1
"ID0893",1
"ID0896",1
"ID0897",1
"ID0898",1
"ID0900",1
"ID0902",1
"ID0906",1
"ID0909",1
"ID0912",1
"ID0913",1
"ID0916",1
"ID0920",1
"ID0921",1
"ID0922",1
"ID0924",1
"ID0929",1
"ID0932",1
"ID0933",1
"ID0934",1
"ID0935",1
"ID0937",1
"ID0938",1
"ID0939",1
"ID0941",1
"ID0943",1
"ID0955",1
"ID0956",1
"ID0957",1
"ID0958",1
"ID0963",1
"ID0964",1
"ID0966",1
"ID0967",1
"ID0970",1
"ID0971",1
"ID0972",1
"ID0973",1
"ID0978",1
"ID0979",1
"ID0980",1
"ID0981",1
"ID0983",1
"ID0985",1
"ID0989",1
"ID0991",1
"ID0992",1
"ID0993",1
"ID0994",1
"ID0995",1
"ID0996",1
"ID0997",1
"ID0999",1
"ID1002",1
"ID1003",1
"ID1004",1
"ID1006",1
"ID1009",1
"ID1011",1
"ID1016",1
"ID1019",1
"ID1021",1
"ID1022",1
"ID1023",1
"ID1025",1
"ID1027",1
"ID1030",1
"ID1032",1
"ID1034",1
"ID1036",1
"ID1038",1
"ID1040",1
"ID1041",1
"ID1042",1
"ID1044",1
"ID1045",1
"ID1046",1
"ID1047",1
"ID1048",1
"ID1049",1
"ID1052",1
"ID1053",1
"ID1055",1
"ID1057",1
"ID1058",1
"ID1059",1
"ID1060",1
"ID1063",1
"ID1065",1
"ID1066",1
"ID1067",1
"ID1070",1
"ID1071",1
"ID1073",1
"ID1074",1
"ID1075",1
"ID1078",1
"ID1079",1
"ID1084",1
"ID1085",1
"ID1087",1
"ID1090",1
"ID1097",1
"ID1098",1
"ID1099",1
"ID1100",1
"ID1102",1
"ID1103",1
"ID1104",1
"ID1105",1
"ID1109",1
"ID1112",1
"ID1113",1
"ID1117",1
"ID1118",1
"ID1119",1
"ID1124",1
"ID1126",1
"ID1127",1
"ID1130",1
"ID1136",1
"ID1138",1
"ID1140",1
"ID1141",1
"ID1142",1
"ID1143",1
"ID1145",1
"ID1148",1
"ID1150",1
"ID1151",1
"ID1158",1
"ID1161",1
"ID1162",1
"ID1163",1
"ID1165",1
"ID1168",1
"ID1169",1
"ID1171",1
"ID1172",1
"ID1173",1
"ID1177",1
"ID1178",1
"ID1179",1
"ID1180",1
"ID1187",1
"ID1191",1
"ID1192",1
"ID1193",1
"ID1196",1
"ID1197",1
"ID1199",1
"ID1201",1
"ID1204",1
"ID1206",1
"ID1207",1
"ID1209",1
"ID1210",1
"ID1212",1
"ID1213",1
"ID1214",1
"ID1216",1
"ID1217",1
"ID1220",1
"ID1221",1
"ID1222",1
"ID1223",1
"ID1225",1
"ID1227",1
"ID1229",1
"ID1234",1
"ID1235",1
"ID1240",1
"ID1242",1
"ID1245",1
"ID1251",1
"ID1259",1
"ID1264",1
"ID1267",1
"ID1268",1
"ID1269",1
"ID1272",1
"ID1273",1
"ID1282",1
"ID1285",1
"ID1288",1
"ID1289",1
"ID1291",1
"ID1296",1
"ID1298",1
"ID1300",1
"ID1303",1
"ID1307",1
"ID1308",1
"ID1309",1
"ID1310",1
"ID1311",1
"ID1313",1
"ID1316",1
"ID1321",1
"ID1322",1
"ID1324",1
"ID1326",1
"ID1330",1
"ID1332",1
"ID1333",1
"ID1334",1
"ID1335",1
"ID1336",1
"ID1340",1
"ID1346",1
"ID1348",1
"ID1349",1
"ID1351",1
"ID1352",1
"ID1354",1
"ID1355",1
"ID1358",1
"ID1361",1
"ID1362",1
"ID1364",1
"ID1366",1
"ID1371",1
"ID1373",1
"ID1379",1
"ID1381",1
"ID1383",1
"ID1384",1
"ID1385",1
"ID1386",1
"ID1388",1
"ID1391",1
"ID1394",1
"ID1395",1
"ID1396",1
"ID1397",1
"ID1399",1
"ID1401",1
"ID1402",1
"ID1410",1
"ID1413",1
"ID1415",1
"ID1418",1
"ID1420",1
"ID1422",1
"ID1423",1
"ID1424",1
"ID1426",1
"ID1427",1
"ID1429",1
"ID1431",1
"ID1433",1
"ID1439",1
"ID1441",1
"ID1442",1
"ID1443",1
"ID1446",1
"ID1449",1
"ID1450",1
"ID1451",1
"ID1452",1
"ID1457",1
"ID1459",1
"ID1460",1
"ID1463",1
"ID1466",1
"ID1468",1
"ID1469",1
"ID1470",1
"ID1474",1
"ID1475",1
"ID1478",1
"ID1480",1
"ID1481",1
"ID1482",1
"ID1488",1
"ID1491",1
"ID1492",1
"ID1493",1
"ID1494",1
"ID1495",1
"ID1497",1
"ID1500",1
"ID1504",1
"ID1505",1
"ID1507",1
"ID1512",1
"ID1513",1
"ID1514",1
"ID1515",1
"ID1516",1
"ID1518",1
"ID1519",1
"ID1521",1
"ID1522",1
"ID1523",1
"ID1524",1
"ID1529",1
"ID1530",1
"ID1537",1
"ID1539",1
"ID1540",1
"ID1542",1
"ID1546",1
"ID1547",1
"ID1549",1
"ID1552",1
"ID1554",1
"ID1555",1
"ID1556",1
"ID1558",1
"ID1563",1
"ID1564",1
"ID1565",1
"ID1567",1
"ID1571",1
"ID1573",1
"ID1576",1
"ID1580",1
"ID1583",1
"ID1585",1
"ID1588",1
"ID1592",1
"ID1594",1
"ID1595",1
"ID1596",1
"ID1600",1
"ID1604",1
"ID1607",1
"ID1609",1
"ID1612",1
"ID1615",1
"ID1616",1
"ID1617",1
"ID1618",1
"ID1619",1
"ID1622",1
"ID1623",1
"ID1625",1
"ID1629",1
"ID1632",1
"ID1637",1
"ID1638",1
"ID1642",1
"ID1643",1
"ID1645",1
"ID1648",1
"ID1650",1
"ID1651",1
"ID1652",1
"ID1653",1
"ID1656",1
"ID1657",1
"ID1662",1
"ID1665",1
"ID1666",1
"ID1668",1
"ID1672",1
"ID1673",1
"ID1678",1
"ID1681",1
"ID1682",1
"ID1683",1
"ID1685",1
"ID1686",1
"ID1688",1
"ID1689",1
"ID1690",1
"ID1692",1
"ID1693",1
"ID1694",1
"ID1695",1
"ID1698",1
"ID1699",1
"ID1703",1
"ID1707",1
"ID1708",1
"ID1711",1
"ID1713",1
"ID1716",1
"ID1717",1
"ID1719",1
"ID1720",1
"ID1727",1
"ID1728",1
"ID1730",1
"ID1733",1
"ID1739",1
"ID1741",1
"ID1742",1
"ID1744",1
"ID1745",1
"ID1746",1
"ID1749",1
"ID1752",1
"ID1754",1
"ID1755",1
"ID1757",1
"ID1760",1
"ID1762",1
"ID1771",1
"ID1772",1
"ID1774",1
"ID1776",1
"ID1782",1
"ID1784",1
"ID1785",1
"ID1786",1
"ID1787",1
"ID1791",1
"ID1792",1
"ID1794",1
"ID1795",1
"ID1796",1
"ID1798",1
"ID1799",1
"ID1800",1
"ID1802",1
"ID1803",1
"ID1804",1
"ID1807",1
"ID1808",1
"ID1810",1
"ID1811",1
"ID1812",1
"ID1814",1
"ID1816",1
"ID1818",1
"ID1820",1
"ID1822",1
"ID1823",1
"ID1826",1
"ID1829",1
"ID1836",1
"ID1837",1
"ID1838",1
"ID1840",1
"ID1841",1
"ID1844",1
"ID1845",1
"ID1846",1
"ID1849",1
"ID1851",1
"ID1853",1
"ID1857",1
"ID1860",1
"ID1863",1
"ID1864",1
"ID1865",1
"ID1866",1
"ID1867",1
"ID1868",1
"ID1869",1
"ID1870",1
"ID1872",1
"ID1874",1
"ID1877",1
"ID1878",1
"ID1881",1
"ID1882",1
"ID1886",1
"ID1888",1
"ID1889",1
"ID1890",1
"ID1891",1
"ID1895",1
"ID1896",1
"ID1899",1
"ID1900",1
"ID1903",1
"ID1904",1
"ID1905",1
"ID1906",1
"ID1910",1
"ID1912",1
"ID1915",1
"ID1916",1
"ID1918",1
"ID1920",1
"ID1922",1
"ID1923",1
"ID1928",1
"ID1929",1
"ID1931",1
"ID1933",1
"ID1934",1
"ID1935",1
"ID1938",1
"ID1942",1
"ID1950",1
"ID1953",1
"ID1954",1
"ID1956",1
"ID1959",1
"ID1961",1
"ID1963",1
"ID1965",1
"ID1970",1
"ID1971",1
"ID1975",1
"ID1978",1
"ID1980",1
"ID1981",1
"ID1987",1
"ID1991",1
"ID1997",1
"ID2000",1
"ID2001",1
"ID2002",1
"ID2003",1
"ID2008",1
"ID2010",1
"ID2011",1
"ID2013",1
"ID2015",1
"ID2017",1
"ID2020",1
"ID2021",1
"ID2022",1
"ID2025",1
"ID2026",1
"ID2028",1
"ID2031",1
"ID2032",1
"ID2034",1
"ID2035",1
"ID2036",1
"ID2043",1
"ID2045",1
"ID2050",1
"ID2051",1
"ID2052",1
"ID2056",1
"ID2059",1
"ID2061",1
"ID2062",1
"ID2065",1
"ID2066",1
"ID2070",1
"ID2076",1
"ID2083",1
"ID2088",1
"ID2090",1
"ID2091",1
"ID2092",1
"ID2096",1
"ID2098",1
"ID2099",1
"ID2100",1
"ID2105",1
"ID2107",1
"ID2108",1
"ID2111",1
"ID2113",1
"ID2114",1
"ID2117",1
"ID2121",1
"ID2124",1
"ID2125",1
"ID2127",1
"ID2129",1
"ID2130",1
"ID2134",1
"ID2135",1
"ID2136",1
"ID2137",1
"ID2139",1
"ID2142",1
"ID2144",1
"ID2145",1
"ID2146",1
"ID2148",1
"ID2150",1
"ID2155",1
"ID2157",1
"ID2165",1
"ID2166",1
"ID2167",1
"ID2172",1
"ID2177",1
"ID2178",1
"ID2180",1
"ID2187",1
"ID2188",1
"ID2190",1
"ID2191",1
"ID2195",1
"ID2199",1
"ID2200",1
"ID2203",1
"ID2204",1
"ID2208",1
"ID2215",1
"ID2216",1
"ID2217",1
"ID2218",1
"ID2220",1
"ID2222",1
"ID2223",1
"ID2224",1
"ID2225",1
"ID2227",1
"ID2228",1
"ID2232",1
"ID2233",1
"ID2238",1
"ID2239",1
"ID2243",1
"ID2244",1
"ID2246",1
"ID2248",1
"ID2252",1
"ID2254",1
"ID2255",1
"ID2256",1
"ID2258",1
"ID2261",1
"ID2264",1
"ID2266",1
"ID2267",1
"ID2268",1
"ID2269",1
"ID2270",1
"ID2271",1
"ID2272",1
"ID2273",1
"ID2279",1
"ID2280",1
"ID2281",1
"ID2282",1
"ID2285",1
"ID2288",1
"ID2293",1
"ID2296",1
"ID2297",1
"ID2298",1
"ID2299",1
"ID2300",1
"ID2302",1
"ID2309",1
"ID2312",1
"ID2313",1
"ID2317",1
"ID2318",1
"ID2319",1
"ID2320",1
"ID2321",1
"ID2322",1
"ID2323",1
"ID2325",1
"ID2326",1
"ID2329",1
"ID2330",1
"ID2332",1
"ID2336",1
"ID2338",1
"ID2347",1
"ID2348",1
"ID2349",1
"ID2350",1
"ID2351",1
"ID2352",1
"ID2355",1
"ID2357",1
"ID2358",1
"ID2359",1
"ID2362",1
"ID2363",1
"ID2364",1
"ID2367",1
"ID2368",1
"ID2371",1
"ID2374",1
"ID2375",1
"ID2377",1
"ID2378",1
"ID2379",1
"ID2382",1
"ID2388",1
"ID2389",1
"ID2390",1
"ID2393",1
"ID2395",1
"ID2396",1
"ID2401",1
"ID2403",1
"ID2406",1
"ID2407",1
"ID2409",1
"ID2411",1
"ID2412",1
"ID2413",1
"ID2415",1
"ID2419",1
"ID2423",1
"ID2424",1
"ID2427",1
"ID2429",1
"ID2432",1
"ID2436",1
"ID2441",1
"ID2443",1
"ID2446",1
"ID2447",1
"ID2448",1
"ID2449",1
"ID2451",1
"ID2453",1
"ID2455",1
"ID2458",1
"ID2461",1
"ID2462",1
"ID2463",1
"ID2468",1
"ID2469",1
"ID2470",1
"ID2471",1
"ID2476",1
"ID2477",1
"ID2478",1
"ID2479",1
"ID2481",1
"ID2482",1
"ID2485",1
"ID2486",1
"ID2487",1
"ID2488",1
"ID2490",1
"ID2491",1
"ID2492",1
"ID2495",1
"ID2496",1
"ID2499",1
"ID2501",1
"ID2502",1
"ID2503",1
"ID2504",1
"ID2509",1
"ID2512",1
"ID2513",1
"ID2514",1
"ID2515",1
"ID2520",1
"ID2521",1
"ID2522",1
"ID2524",1
"ID2525",1
"ID2526",1
"ID2528",1
"ID2531",1
"ID2532",1
"ID2533",1
"ID2534",1
"ID2535",1
"ID2536",1
"ID2537",1
"ID2542",1
"ID2543",1
"ID2544",1
"ID2547",1
"ID2550",1
"ID2551",1
"ID2556",1
"ID2557",1
"ID2558",1
"ID2560",1
"ID2562",1
"ID2564",1
"ID2566",1
"ID2568",1
"ID2570",1
"ID2573",1
"ID2575",1
"ID2579",1
"ID2580",1
"ID2581",1
"ID2582",1
"ID2584",1
"ID2585",1
"ID2586",1
"ID2588",1
"ID2590",1
"ID2597",1
"ID2599",1
"ID2602",1
"ID2607",1
"ID2608",1
"ID2609",1
"ID2612",1
"ID2614",1
"ID2615",1
"ID2616",1
"ID2617",1
"ID2618",1
"ID2619",1
"ID2620",1
"ID2622",1
"ID2625",1
"ID2626",1
"ID2627",1
"ID2629",1
"ID2631",1
"ID2633",1
"ID2635",1
"ID2641",1
"ID2642",1
"ID2643",1
"ID2644",1
"ID2645",1
"ID2646",1
"ID2649",1
"ID2661",1
"ID2663",1
"ID2664",1
"ID2669",1
"ID2670",1
"ID2671",1
"ID2673",1
"ID2677",1
"ID2681",1
"ID2682",1
"ID2684",1
"ID2685",1
"ID2686",1
"ID2687",1
"ID2690",1
"ID2692",1
"ID2694",1
"ID2696",1
"ID2698",1
"ID2701",1
"ID2703",1
"ID2705",1
"ID2713",1
"ID2715",1
"ID2719",1
"ID2720",1
"ID2721",1
"ID2723",1
"ID2724",1
"ID2727",1
"ID2732",1
"ID2734",1
"ID2738",1
"ID2741",1
"ID2743",1
"ID2744",1
"ID2745",1
"ID2748",1
"ID2751",1
"ID2752",1
"ID2754",1
"ID2760",1
"ID2761",1
"ID2764",1
"ID2768",1
"ID2772",1
"ID2773",1
"ID2774",1
"ID2775",1
"ID2776",1
"ID2777",1
"ID2794",1
"ID2795",1
"ID2797",1
"ID2798",1
"ID2801",1
"ID2802",1
"ID2803",1
"ID2805",1
"ID2806",1
"ID2808",1
"ID2810",1
"ID2813",1
"ID2814",1
"ID2815",1
"ID2819",1
"ID2822",1
"ID2823",1
"ID2826",1
"ID2828",1
"ID2829",1
"ID2834",1
"ID2835",1
"ID2838",1
"ID2839",1
"ID2840",1
"ID2841",1
"ID2842",1
"ID2843",1
"ID2844",1
"ID2846",1
"ID2851",1
"ID2852",1
"ID2853",1
"ID2854",1
"ID2856",1
"ID2858",1
"ID2861",1
"ID2862",1
"ID2864",1
"ID2870",1
"ID2873",1
"ID2874",1
"ID2875",1
"ID2879",1
"ID2881",1
"ID2884",1
"ID2885",1
"ID2886",1
"ID2888",1
"ID2889",1
"ID2891",1
"ID2897",1
"ID2899",1
"ID2900",1
"ID2901",1
"ID2902",1
"ID2908",1
"ID2909",1
"ID2911",1
"ID2914",1
"ID2916",1
"ID2918",1
"ID2928",1
"ID2929",1
"ID2931",1
"ID2933",1
"ID2935",1
"ID2939",1
"ID2944",1
"ID2947",1
"ID2948",1
"ID2950",1
"ID2952",1
"ID2953",1
"ID2954",1
"ID2961",1
"ID2963",1
"ID2964",1
"ID2965",1
"ID2967",1
"ID2970",1
"ID2974",1
"ID2981",1
"ID2983",1
"ID2984",1
"ID2986",1
"ID2989",1
"ID2991",1
"ID2993",1
"ID2994",1
"ID2995",1
"ID3000",1
"ID3001",1
"ID3002",1
"ID3009",1
"ID3012",1
"ID3013",1
"ID3018",1
"ID3020",1
"ID3025",1
"ID3026",1
"ID3029",1
"ID3030",1
"ID3031",1
"ID3034",1
"ID3035",1
"ID3037",1
"ID3041",1
"ID3042",1
"ID3044",1
"ID3045",1
"ID3049",1
"ID3053",1
"ID3057",1
"ID3060",1
"ID3062",1
"ID3064",1
"ID3068",1
"ID3074",1
"ID3075",1
"ID3076",1
"ID3079",1
"ID3083",1
"ID3085",1
"ID3088",1
"ID3089",1
"ID3096",1
"ID3097",1
"ID3101",1
"ID3102",1
"ID3103",1
"ID3105",1
"ID3107",1
"ID3111",1
"ID3116",1
"ID3119",1
"ID3121",1
"ID3122",1
"ID3123",1
"ID3124",1
"ID3127",1
"ID3129",1
"ID3130",1
"ID3132",1
"ID3143",1
"ID3144",1
"ID3146",1
"ID3148",1
"ID3150",1
"ID3151",1
"ID3153",1
"ID3154",1
"ID3155",1
"ID3160",1
"ID3162",1
"ID3166",1
"ID3167",1
"ID3168",1
"ID3172",1
"ID3173",1
"ID3175",1
"ID3184",1
"ID3186",1
"ID3188",1
"ID3189",1
"ID3190",1
"ID3195",1
"ID3196",1
"ID3200",1
"ID3202",1
"ID3203",1
"ID3208",1
"ID3209",1
"ID3214",1
"ID3219",1
"ID3222",1
"ID3224",1
"ID3225",1
"ID3230",1
"ID3231",1
"ID3232",1
"ID3233",1
"ID3234",1
"ID3238",1
"ID3243",1
"ID3244",1
"ID3250",1
"ID3251",1
"ID3253",1
"ID3254",1
"ID3256",1
"ID3258",1
"ID3259",1
"ID3260",1
"ID3261",1
"ID3262",1
"ID3263",1
"ID3264",1
"ID3266",1
"ID3268",1
"ID3273",1
"ID3274",1
"ID3278",1
"ID3279",1
"ID3282",1
"ID3283",1
"ID3284",1
"ID3285",1
"ID3288",1
"ID3289",1
"ID3290",1
"ID3291",1
"ID3292",1
"ID3293",1
"ID3294",1
"ID3297",1
"ID3298",1
"ID3300",1
"ID3306",1
"ID3307",1
"ID3309",1
"ID3311",1
"ID3314",1
"ID3315",1
"ID3319",1
"ID3324",1
"ID3326",1
"ID3327",1
"ID3328",1
"ID3332",1
"ID3334",1
"ID3335",1
"ID3344",1
"ID3345",1
"ID3346",1
"ID3348",1
"ID3349",1
"ID3354",1
"ID3355",1
"ID3356",1
"ID3361",1
"ID3363",1
"ID3364",1
"ID3365",1
"ID3366",1
"ID3367",1
"ID3369",1
"ID3371",1
"ID3382",1
"ID3383",1
"ID3386",1
"ID3388",1
"ID3390",1
"ID3391",1
"ID3394",1
"ID3396",1
"ID3397",1
"ID3398",1
"ID3400",1
"ID3406",1
"ID3407",1
"ID3412",1
"ID3415",1
"ID3416",1
"ID3418",1
"ID3422",1
"ID3423",1
"ID3425",1
"ID3426",1
"ID3427",1
"ID3428",1
"ID3429",1
"ID3430",1
"ID3433",1
"ID3434",1
"ID3438",1
"ID3441",1
"ID3443",1
"ID3444",1
"ID3445",1
"ID3447",1
"ID3449",1
"ID3450",1
"ID3451",1
"ID3456",1
"ID3457",1
"ID3458",1
"ID3463",1
"ID3469",1
"ID3472",1
"ID3474",1
"ID3476",1
"ID3478",1
"ID3479",1
"ID3481",1
"ID3484",1
"ID3486",1
"ID3489",1
"ID3490",1
"ID3491",1
"ID3493",1
"ID3494",1
"ID3496",1
"ID3497",1
"ID3500",1
"ID3503",1
"ID3505",1
"ID3508",1
"ID3510",1
"ID3512",1
"ID3514",1
"ID3523",1
"ID3524",1
"ID3526",1
"ID3527",1
"ID3528",1
"ID3531",1
"ID3536",1
"ID3538",1
"ID3539",1
"ID3540",1
"ID3541",1
"ID3542",1
"ID3543",1
"ID3549",1
"ID3551",1
"ID3553",1
"ID3555",1
"ID3559",1
"ID3565",1
"ID3566",1
"ID3568",1
"ID3572",1
"ID3574",1
"ID3584",1
"ID3588",1
"ID3591",1
"ID3592",1
"ID3593",1
"ID3594",1
"ID3596",1
"ID3598",1
"ID3600",1
"ID3605",1
"ID3606",1
"ID3608",1
"ID3610",1
"ID3612",1
"ID3616",1
"ID3617",1
"ID3619",1
"ID3621",1
"ID3622",1
"ID3623",1
"ID3625",1
"ID3627",1
"ID3628",1
"ID3629",1
"ID3631",1
"ID3632",1
"ID3633",1
"ID3635",1
"ID3637",1
"ID3638",1
"ID3640",1
"ID3641",1
"ID3647",1
"ID3648",1
"ID3652",1
"ID3654",1
"ID3660",1
"ID3667",1
"ID3671",1
"ID3675",1
"ID3676",1
"ID3678",1
"ID3682",1
"ID3684",1
"ID3686",1
"ID3688",1
"ID3689",1
"ID3692",1
"ID3695",1
"ID3697",1
"ID3698",1
"ID3700",1
"ID3704",1
"ID3705",1
"ID3709",1
"ID3710",1
"ID3715",1
"ID3716",1
"ID3717",1
"ID3723",1
"ID3728",1
"ID3730",1
"ID3731",1
"ID3732",1
"ID3734",1
"ID3736",1
"ID3741",1
"ID3742",1
"ID3743",1
"ID3744",1
"ID3745",1
"ID3746",1
"ID3750",1
"ID3753",1
"ID3756",1
"ID3757",1
"ID3759",1
"ID3760",1
"ID3761",1
"ID3764",1
"ID3767",1
"ID3769",1
"ID3770",1
"ID3773",1
"ID3774",1
"ID3776",1
"ID3777",1
"ID3778",1
"ID3780",1
"ID3781",1
"ID3783",1
"ID3784",1
"ID3785",1
"ID3787",1
"ID3789",1
"ID3792",1
"ID3793",1
"ID3796",1
"ID3799",1
"ID3801",1
"ID3802",1
"ID3803",1
"ID3804",1
"ID3807",1
"ID3808",1
"ID3812",1
"ID3816",1
"ID3817",1
"ID3819",1
"ID3821",1
"ID3822",1
"ID3824",1
"ID3825",1
"ID3827",1
"ID3830",1
"ID3831",1
"ID3833",1
"ID3835",1
"ID3836",1
"ID3838",1
"ID3839",1
"ID3842",1
"ID3847",1
"ID3850",1
"ID3851",1
"ID3855",1
"ID3856",1
"ID3857",1
"ID3858",1
"ID3859",1
"ID3863",1
"ID3865",1
"ID3868",1
"ID3870",1
"ID3871",1
"ID3872",1
"ID3875",1
"ID3876",1
"ID3877",1
"ID3878",1
"ID3881",1
"ID3882",1
"ID3884",1
"ID3886",1
"ID3887",1
"ID3891",1
"ID3892",1
"ID3895",1
"ID3896",1
"ID3898",1
"ID3900",1
"ID3902",1
"ID3905",1
"ID3910",1
"ID3912",1
"ID3916",1
"ID3924",1
"ID3927",1
"ID3928",1
"ID3934",1
"ID3939",1
"ID3940",1
"ID3942",1
"ID3943",1
"ID3946",1
"ID3949",1
"ID3952",1
"ID3956",1
"ID3958",1
"ID3966",1
"ID3969",1
"ID3972",1
"ID3973",1
"ID3974",1
"ID3981",1
"ID3982",1
"ID3984",1
"ID3986",1
"ID3987",1
"ID3989",1
"ID3992",1
"ID3993",1
"ID3996",1
"ID3998",1
"ID4001",1
"ID4002",1
"ID4006",1
"ID4007",1
"ID4008",1
"ID4009",1
"ID4011",1
"ID4018",1
"ID4019",1
"ID4020",1
"ID4023",1
"ID4024",1
"ID4033",1
"ID4037",1
"ID4040",1
"ID4042",1
"ID4045",1
"ID4046",1
"ID4048",1
"ID4050",1
"ID4054",1
"ID4055",1
"ID4056",1
"ID4057",1
"ID4059",1
"ID4062",1
"ID4065",1
"ID4068",1
"ID4069",1
"ID4071",1
"ID4072",1
"ID4075",1
"ID4077",1
"ID4083",1
"ID4084",1
"ID4085",1
"ID4090",1
"ID4093",1
"ID4094",1
"ID4095",1
"ID4098",1
"ID4107",1
"ID4110",1
"ID4112",1
"ID4113",1
"ID4114",1
"ID4116",1
"ID4118",1
"ID4120",1
"ID4121",1
"ID4125",1
"ID4126",1
"ID4127",1
"ID4128",1
"ID4129",1
"ID4131",1
"ID4137",1
"ID4138",1
"ID4142",1
"ID4144",1
"ID4146",1
"ID4148",1
"ID4149",1
"ID4150",1
"ID4152",1
"ID4158",1
"ID4163",1
"ID4164",1
"ID4169",1
"ID4171",1
"ID4172",1
"ID4173",1
"ID4175",1
"ID4177",1
"ID4178",1
"ID4182",1
"ID4183",1
"ID4186",1
"ID4187",1
"ID4193",1
"ID4198",1
"ID4201",1
"ID4205",1
"ID4216",1
"ID4217",1
"ID4220",1
"ID4223",1
"ID4225",1
"ID4233",1
"ID4234",1
"ID4238",1
"ID4239",1
"ID4240",1
"ID4241",1
"ID4242",1
"ID4248",1
"ID4249",1
"ID4250",1
"ID4252",1
"ID4253",1
"ID4254",1
"ID4255",1
"ID4257",1
"ID4258",1
"ID4260",1
"ID4262",1
"ID4263",1
"ID4265",1
"ID4266",1
"ID4270",1
"ID4271",1
"ID4280",1
"ID4281",1
"ID4283",1
"ID4285",1
"ID4286",1
"ID4290",1
"ID4292",1
"ID4295",1
"ID4297",1
"ID4299",1
"ID4300",1
"ID4302",1
"ID4303",1
"ID4308",1
"ID4309",1
"ID4314",1
"ID4324",1
"ID4326",1
"ID4327",1
"ID4329",1
"ID4332",1
"ID4336",1
"ID4338",1
"ID4339",1
"ID4340",1
"ID4341",1
"ID4342",1
"ID4348",1
"ID4349",1
"ID4351",1
"ID4354",1
"ID4360",1
"ID4361",1
"ID4362",1
"ID4365",1
"ID4369",1
"ID4376",1
"ID4379",1
"ID4381",1
"ID4382",1
"ID4383",1
"ID4386",1
"ID4388",1
"ID4391",1
"ID4395",1
"ID4396",1
"ID4398",1
"ID4399",1
"ID4400",1
"ID4403",1
"ID4406",1
"ID4410",1
"ID4411",1
"ID4415",1
"ID4417",1
"ID4418",1
"ID4420",1
"ID4427",1
"ID4428",1
"ID4429",1
"ID4430",1
"ID4432",1
"ID4433",1
"ID4434",1
"ID4436",1
"ID4438",1
"ID4443",1
"ID4444",1
"ID4445",1
"ID4446",1
"ID4447",1
"ID4449",1
"ID4451",1
"ID4453",1
"ID4454",1
"ID4455",1
"ID4457",1
"ID4459",1
"ID4464",1
"ID4466",1
"ID4467",1
"ID4471",1
"ID4472",1
"ID4473",1
"ID4474",1
"ID4478",1
"ID4480",1
"ID4481",1
"ID4482",1
"ID4483",1
"ID4484",1
"ID4486",1
"ID4488",1
"ID4489",1
"ID4490",1
"ID4493",1
"ID4497",1
"ID4500",1
"ID4501",1
"ID4503",1
"ID4504",1
"ID4509",1
"ID4510",1
"ID4511",1
"ID4512",1
"ID4519",1
"ID4522",1
"ID4523",1
"ID4526",1
"ID4531",1
"ID4532",1
"ID4542",1
"ID4544",1
"ID4545",1
"ID4546",1
"ID4549",1
"ID4550",1
"ID4555",1
"ID4556",1
"ID4560",1
"ID4563",1
"ID4564",1
"ID4565",1
"ID4568",1
"ID4570",1
"ID4574",1
"ID4576",1
"ID4578",1
"ID4580",1
"ID4581",1
"ID4582",1
"ID4583",1
"ID4586",1
"ID4587",1
"ID4588",1
"ID4589",1
"ID4590",1
"ID4592",1
"ID4595",1
"ID4600",1
"ID4602",1
"ID4610",1
"ID4614",1
"ID4615",1
"ID4619",1
"ID4625",1
"ID4627",1
"ID4643",1
"ID4646",1
"ID4650",1
"ID4653",1
"ID4657",1
"ID4658",1
"ID4661",1
"ID4663",1
"ID4664",1
"ID4665",1
"ID4666",1
"ID4667",1
"ID4671",1
"ID4672",1
"ID4675",1
"ID4676",1
"ID4677",1
"ID4683",1
"ID4684",1
"ID4687",1
"ID4688",1
"ID4691",1
"ID4695",1
"ID4697",1
"ID4699",1
"ID4700",1
"ID4701",1
"ID4702",1
"ID4703",1
"ID4704",1
"ID4706",1
"ID4708",1
"ID4711",1
"ID4713",1
"ID4714",1
"ID4718",1
"ID4719",1
"ID4720",1
"ID4722",1
"ID4724",1
"ID4725",1
"ID4727",1
"ID4730",1
"ID4731",1
"ID4733",1
"ID4734",1
"ID4735",1
"ID4736",1
"ID4739",1
"ID4741",1
"ID4742",1
"ID4743",1
"ID4744",1
"ID4748",1
"ID4750",1
"ID4753",1
"ID4754",1
"ID4755",1
"ID4756",1
"ID4757",1
"ID4759",1
"ID4760",1
"ID4761",1
"ID4763",1
"ID4766",1
"ID4768",1
"ID4769",1
"ID4771",1
"ID4773",1
"ID4776",1
"ID4779",1
"ID4783",1
"ID4789",1
"ID4790",1
"ID4791",1
"ID4792",1
"ID4793",1
"ID4794",1
"ID4795",1
"ID4801",1
"ID4809",1
"ID4810",1
"ID4812",1
"ID4814",1
"ID4817",1
"ID4819",1
"ID4823",1
"ID4824",1
"ID4825",1
"ID4830",1
"ID4831",1
"ID4834",1
"ID4835",1
"ID4836",1
"ID4837",1
"ID4840",1
"ID4846",1
"ID4847",1
"ID4850",1
"ID4851",1
"ID4857",1
"ID4860",1
"ID4862",1
"ID4867",1
"ID4869",1
"ID4871",1
"ID4872",1
"ID4874",1
"ID4878",1
"ID4882",1
"ID4886",1
"ID4891",1
"ID4893",1
"ID4895",1
"ID4898",1
"ID4900",1
"ID4902",1
"ID4904",1
"ID4905",1
"ID4910",1
"ID4914",1
"ID4916",1
"ID4919",1
"ID4920",1
"ID4921",1
"ID4922",1
"ID4923",1
"ID4932",1
"ID4935",1
"ID4936",1
"ID4939",1
"ID4952",1
"ID4953",1
"ID4955",1
"ID4956",1
"ID4960",1
"ID4961",1
"ID4962",1
"ID4963",1
"ID4964",1
"ID4966",1
"ID4967",1
"ID4969",1
"ID4973",1
"ID4974",1
"ID4975",1
"ID4980",1
"ID4982",1
"ID4983",1
"ID4985",1
"ID4987",1
"ID4988",1
"ID4990",1
"ID4991",1
"ID4994",1
"ID4995",1
"ID4996",1
"ID4999",1
"ID5001",1
"ID5002",1
"ID5008",1
"ID5009",1
"ID5011",1
"ID5012",1
"ID5016",1
"ID5018",1
"ID5022",1
"ID5028",1
"ID5029",1
"ID5033",1
"ID5037",1
"ID5038",1
"ID5039",1
"ID5041",1
"ID5045",1
"ID5047",1
"ID5049",1
"ID5054",1
"ID5056",1
"ID5058",1
"ID5059",1
"ID5063",1
"ID5067",1
"ID5068",1
"ID5072",1
"ID5073",1
"ID5074",1
"ID5075",1
"ID5077",1
"ID5079",1
"ID5081",1
"ID5082",1
"ID5085",1
"ID5087",1
"ID5089",1
"ID5091",1
"ID5095",1
"ID5096",1
"ID5098",1
"ID5100",1
"ID5102",1
"ID5103",1
"ID5104",1
"ID5107",1
"ID5109",1
"ID5112",1
"ID5114",1
"ID5119",1
"ID5124",1
"ID5125",1
"ID5126",1
"ID5131",1
"ID5132",1
"ID5134",1
"ID5140",1
"ID5144",1
"ID5147",1
"ID5150",1
"ID5152",1
"ID5153",1
"ID5159",1
"ID5162",1
"ID5164",1
"ID5167",1
"ID5168",1
"ID5179",1
"ID5181",1
"ID5184",1
"ID5185",1
"ID5187",1
"ID5198",1
"ID5199",1
"ID5206",1
"ID5208",1
"ID5212",1
"ID5218",1
"ID5219",1
"ID5223",1
"ID5227",1
"ID5230",1
"ID5231",1
"ID5235",1
"ID5238",1
"ID5240",1
"ID5243",1
"ID5244",1
"ID5249",1
"ID5250",1
"ID5253",1
"ID5254",1
"ID5255",1
"ID5257",1
"ID5258",1
"ID5260",1
"ID5262",1
"ID5263",1
"ID5265",1
"ID5267",1
"ID5268",1
"ID5276",1
"ID5281",1
"ID5282",1
"ID5286",1
"ID5296",1
"ID5300",1
"ID5304",1
"ID5305",1
"ID5306",1
"ID5309",1
"ID5310",1
"ID5313",1
"ID5314",1
"ID5317",1
"ID5321",1
"ID5326",1
"ID5327",1
"ID5330",1
"ID5333",1
"ID5336",1
"ID5337",1
"ID5338",1
"ID5340",1
"ID5342",1
"ID5346",1
"ID5347",1
"ID5349",1
"ID5351",1
"ID5359",1
"ID5360",1
"ID5365",1
"ID5366",1
"ID5367",1
"ID5370",1
"ID5371",1
"ID5372",1
"ID5380",1
"ID5381",1
"ID5382",1
"ID5384",1
"ID5386",1
"ID5387",1
"ID5390",1
"ID5391",1
"ID5396",1
"ID5398",1
"ID5402",1
"ID5403",1
"ID5409",1
"ID5413",1
"ID5416",1
"ID5417",1
"ID5419",1
"ID5420",1
"ID5422",1
"ID5426",1
"ID5428",1
"ID5429",1
"ID5433",1
"ID5435",1
"ID5437",1
"ID5440",1
"ID5441",1
"ID5444",1
"ID5447",1
"ID5448",1
"ID5449",1
"ID5450",1
"ID5458",1
"ID5464",1
"ID5465",1
"ID5466",1
"ID5467",1
"ID5469",1
"ID5470",1
"ID5471",1
"ID5473",1
"ID5474",1
"ID5479",1
"ID5480",1
"ID5481",1
"ID5484",1
"ID5490",1
"ID5492",1
"ID5497",1
"ID5498",1
"ID5499",1
"ID5502",1
"ID5506",1
"ID5507",1
"ID5510",1
"ID5513",1
"ID5519",1
"ID5520",1
"ID5522",1
"ID5523",1
"ID5524",1
"ID5525",1
"ID5528",1
"ID5533",1
"ID5534",1
"ID5536",1
"ID5537",1
"ID5539",1
"ID5540",1
"ID5541",1
"ID5542",1
"ID5545",1
"ID5546",1
"ID5549",1
"ID5550",1
"ID5555",1
"ID5556",1
"ID5557",1
"ID5558",1
"ID5564",1
"ID5565",1
"ID5570",1
"ID5572",1
"ID5573",1
"ID5577",1
"ID5581",1
"ID5582",1
"ID5583",1
"ID5584",1
"ID5585",1
"ID5586",1
"ID5589",1
"ID5593",1
"ID5599",1
"ID5600",1
"ID5601",1
"ID5605",1
"ID5609",1
"ID5610",1
"ID5613",1
"ID5617",1
"ID5619",1
"ID5620",1
"ID5621",1
"ID5622",1
"ID5623",1
"ID5631",1
"ID5632",1
"ID5634",1
"ID5636",1
"ID5638",1
"ID5641",1
"ID5643",1
"ID5645",1
"ID5650",1
"ID5652",1
"ID5655",1
"ID5656",1
"ID5658",1
"ID5659",1
"ID5661",1
"ID5665",1
"ID5666",1
"ID5667",1
"ID5669",1
"ID5670",1
"ID5673",1
"ID5677",1
"ID5679",1
"ID5681",1
"ID5682",1
"ID5683",1
"ID5685",1
"ID5689",1
"ID5692",1
"ID5693",1
"ID5695",1
"ID5702",1
"ID5704",1
"ID5706",1
"ID5708",1
"ID5710",1
"ID5711",1
"ID5713",1
"ID5714",1
"ID5715",1
"ID5718",1
"ID5719",1
"ID5727",1
"ID5732",1
"ID5734",1
"ID5735",1
"ID5736",1
"ID5737",1
"ID5740",1
"ID5741",1
"ID5743",1
"ID5749",1
"ID5756",1
"ID5757",1
"ID5758",1
"ID5759",1
"ID5762",1
"ID5763",1
"ID5765",1
"ID5767",1
"ID5768",1
"ID5769",1
"ID5770",1
"ID5772",1
"ID5774",1
"ID5775",1
"ID5776",1
"ID5781",1
"ID5782",1
"ID5783",1
"ID5785",1
"ID5787",1
"ID5788",1
"ID5789",1
"ID5794",1
"ID5799",1
"ID5802",1
"ID5803",1
"ID5807",1
"ID5808",1
"ID5809",1
"ID5810",1
"ID5815",1
"ID5817",1
"ID5818",1
"ID5819",1
